source,theme,title,date,url,text
Forbes Afrique,biotech,Le Rwanda accueille la première usine africaine de fabrication de vaccins à ARNm,,https://forbesafrique.com/le-rwanda-accueille-la-premiere-usine-africaine-de-fabrication-de-vaccins-a-arnm/,Forbes Afrique I Biotechnologie I Le Rwanda accueille la première usine africaine de fabrication de vaccins à ARNm
Forbes Afrique,healthtech,HealthTech : Un Écosystème En Pleine Santé,,https://forbesafrique.com/healthtech-un-ecosysteme-en-pleine-sante/,
Forbes Afrique,healthtech,HealthTech : Quels Enjeux Pour l’Afrique ?,,https://forbesafrique.com/healthtech-quels-enjeux-pour-lafrique/,
Forbes Afrique,healthtech,*Forbes Afrique* Édition 86 I Août-Sept. 2025 I Doing Business Bénin I Dossier HealthTech,,https://forbesafrique.com/produit/forbes-afrique-edition-86-i-aout-sept-2025-i-doing-business-benin-i-dossier-healthtech/,
Forbes Afrique,healthtech,*Forbes Afrique* Édition 86 I Août-Sept. 2025 I Doing Business Bénin I Dossier HealthTech,,https://forbesafrique.com/forbes-afrique-edition-86-i-aout-sept-2025-i-doing-business-benin-i-dossier-healthtech/,*Forbes Afrique* Édition 86 I Août-Sept.2025 I Doing Business Bénin I Dossier HealthTech
Forbes Afrique,healthtech,"La healthtech Waspito lève 2,5 millions de dollars",,https://forbesafrique.com/la-healthtech-waspito-leve-25-millions-de-dollars/,
Forbes Afrique,healthtech,Healthtech : la bonne santé de la filière africaine,,https://forbesafrique.com/healthtech-la-bonne-sante-de-la-filiere-africaine/,
Forbes Afrique,ai,FMCT : Construire La Ville Africaine Durable et Résiliente de Demain,,https://forbesafrique.com/fmct-construire-la-ville-africaine-durable-et-resiliente-de-demain/,
Forbes Afrique,ai,"Rui Mendes Da Silva, Cofondateur de Kemet Automotive : « Notre Ambition à Dix ans est Claire : Faire de Kemet un Fleuron Industriel Africain »",,https://forbesafrique.com/rui-mendes-da-silva-cofondateur-de-kemet-automotive-notre-ambition-a-dix-ans-est-claire-faire-de-kemet-un-fleuron-industriel-africain/,"Forbes Afrique I Entretien I Mobilité I Rui Mendes Da Silva, Cofondateur de Kemet Automotive"
Forbes Afrique,ai,"Ghislain Mboumba, DG d’AFG Bank Gabon : « Notre Filiale Se Positionne en Facilitateur Local Auprès de l’Etat et des Acteurs Privés »",,https://forbesafrique.com/ghislain-mboumba-dg-dafg-bank-gabon-notre-filiale-se-positionne-en-facilitateur-local-aupres-de-letat-et-des-acteurs-prives/,
Forbes Afrique,ai,"Investissements Européens en Afrique : De l’Aide au Développement à l’Investissement, le Pari du Global Gateway",,https://forbesafrique.com/investissements-europeens-en-afrique-de-laide-au-developpement-a-linvestissement-le-pari-du-global-gateway/,
Forbes Afrique,ai,"Era Dabla-Norris, Directrice Adjointe du Département des Finances Publiques du Fonds Monétaire International (FMI) : « Nombre de Pays Pourraient Mobiliser 3 à 6 Points de PIB Supplémentaires Sans Créer Une Pression Excessive »",,https://forbesafrique.com/era-dabla-norris-directrice-adjointe-du-departement-des-finances-publiques-du-fonds-monetaire-international-fmi-nombre-de-pays-pourraient-mobiliser-3-a-6-points-de-pib-supplementaires-sans-cree/,
Forbes Afrique,ai,"Ghislain Moandza Mboma, Directeur Général de l’ANPI-Gabon : « Notre Pays Amorce Une Transition Déterminante »",,https://forbesafrique.com/ghislain-moandza-mboma-directeur-general-de-lanpi-gabon-notre-pays-amorce-une-transition-determinante/,
Forbes Afrique,ai,Bourses : Les Champions de la Cote Africaine Par Région,,https://forbesafrique.com/bourses-les-champions-de-la-cote-africaine-par-region/,
Forbes Afrique,ai,Air Côte d’Ivoire Célèbre Son Premier Vol Long-Courrier à Paris !,,https://forbesafrique.com/air-cote-divoire-celebre-son-premier-vol-long-courrier-a-paris/,
Forbes Afrique,ai,Leadership et Souveraineté Numérique : Comment le CNTIG Trace la Voie,,https://forbesafrique.com/leadership-et-souverainete-numerique-comment-le-cntig-trace-la-voie/,
Forbes Afrique,ai,*Forbes Afrique* Édition 87 I Oct-Nov. 2025 I Doing Business Gabon I Dossiers Dynsasties d’Affaires & Mobilité,,https://forbesafrique.com/produit/forbes-afrique-edition-87-i-oct-nov-2025-i-doing-business-gabon-i-dossiers-dynsasties-daffaires-mobilite/,Forbes Afrique I Au Sommaire de l'Édition 87 I Oct-Nov 2025
Forbes Afrique,ai,"PORTEO, Un Partenaire Africain Stratégique Pour Un Gabon Souverain",,https://forbesafrique.com/porteo-group-un-partenaire-africain-strategique-pour-un-gabon-souverain/,Forbes Afrique I BrandVoice BTP I PORTEO : Un Partenaire Africain Stratégique Pour Un Gabon Souverain
Forbes Afrique,ai,"Daisy-Helen Ntoutoume, DG de la BCEG : « Notre Banque 100% Mobile Est Une Réponse Concrète Aux Enjeux d’Inclusion Financière »",,https://forbesafrique.com/daisy-helen-ntoutoume-dg-de-la-bceg-notre-banque-100-mobile-est-une-reponse-concrete-aux-enjeux-dinclusion-financiere/,
Forbes Afrique,ai,"Le MWC Kigali 2025, Baromètre Des Ambitions Numériques Africaines",,https://forbesafrique.com/le-mwc-kigali-2025-barometre-des-ambitions-numeriques-africaines/,
Forbes Afrique,ai,Fortunes : Le TOP 10 Planétaire des Milliardaires Noirs,,https://forbesafrique.com/fortunes-le-top-10-planetaire-des-milliardaires-noirs/,Forbes Afrique I Fortunes I Le TOP 10 Planétaire des Milliardaires Noirs
Forbes Afrique,ai,"Ogiame Atuwatse III, Souverain du Royaume de Warri : « Nos Institutions Traditionnelles Doivent Continuer à Exister et à s’Adapter »",,https://forbesafrique.com/ogiame-atuwatse-iii-souverain-du-royaume-de-warri-nos-institutions-traditionnelles-doivent-continuer-a-exister-et-a-sadapter/,
Forbes Afrique,technologie,Cameroun I Technologie : La Révolution Numérique Se Fait Attendre,,https://forbesafrique.com/cameroun-i-technologie-la-revolution-numerique-se-fait-attendre/,Forbes Afrique I Cameroun I Analyse I Technologie : La Révolution Numérique Se Fait Attendre
Forbes Afrique,technologie,Youssef Seffar : « L’Importation de Technologies Externes Entrave l’Autosuffisance »,,https://forbesafrique.com/youssef-seffar-limportation-de-technologies-externes-entrave-lautosuffisance/,
Forbes Afrique,technologie,"Mode : Diarra Bousso, l’alliance réussie de la technologie et de la créativité",,https://forbesafrique.com/mode-diarra-bousso-lalliance-reussie-de-la-technologie-et-de-la-creativite/,
Forbes Afrique,technologie,Eric Waku prend la tête de Liquid Intelligent Technologies RDC,,https://forbesafrique.com/eric-waku-prend-la-tete-de-liquid-intelligent-technologies/,
Forbes Afrique,technologie,Technologies,,https://forbesafrique.com/technologies/,
Forbes Afrique,technologie,Youssef Travaly : «La crise du Covid‑19 nous a permis d’optimiser l’usage des nouvelles technologies»,,https://forbesafrique.com/youssef-travaly-la-crise-du-covid-19-nous-a-permis-doptimiser-lusage-des-nouvelles-technologies/,
Forbes Afrique,technologie,"La technologie, une nouvelle arme pour terrasser le COVID 19",,https://forbesafrique.com/la-technologie-une-nouvelle-arme-pour-terrasser-le-covid-19/,
Forbes Afrique,technologie,"Le MWC Kigali 2025, Baromètre Des Ambitions Numériques Africaines",,https://forbesafrique.com/le-mwc-kigali-2025-barometre-des-ambitions-numeriques-africaines/,
